old_path,new_path,mapping_source
assets/tilesets/train_exterior/train_exterior/train_exterior_te_gk_te_002_32x32_1721.png,assets/tilesets/train_exterior/train_exterior/train_exterior_te_roof_and_trim_strips_silver_hsr_32x32_1721.png,train_type_proposal
assets/tilesets/train_exterior/train_exterior/train_exterior_te_gk_te_003_32x32_1722.png,assets/tilesets/train_exterior/train_exterior/train_exterior_te_roof_and_trim_strips_orange_livery_32x32_1722.png,train_type_proposal
assets/tilesets/train_exterior/train_exterior/train_exterior_te_gk_te_005_32x32_1724.png,assets/tilesets/train_exterior/train_exterior/train_exterior_te_roof_and_trim_strips_blue_commuter_32x32_1724.png,train_type_proposal
assets/tilesets/train_exterior/train_exterior/train_exterior_te_gk_te_011_32x32_1730.png,assets/tilesets/train_exterior/train_exterior/train_exterior_te_roof_and_trim_strips_green_commuter_32x32_1730.png,train_type_proposal
assets/tilesets/train_exterior/train_exterior/train_exterior_te_gk_te_023_32x32_1742.png,assets/tilesets/train_exterior/train_exterior/train_exterior_te_roof_and_trim_strips_green_commuter_32x32_1742.png,train_type_proposal
assets/tilesets/train_exterior/train_exterior/train_exterior_te_gk_te_024_32x32_1743.png,assets/tilesets/train_exterior/train_exterior/train_exterior_te_roof_and_trim_strips_blue_commuter_32x32_1743.png,train_type_proposal
assets/tilesets/train_exterior/train_exterior/train_exterior_te_gk_te_026_32x32_1745.png,assets/tilesets/train_exterior/train_exterior/train_exterior_te_roof_and_trim_strips_orange_livery_32x32_1745.png,train_type_proposal
assets/tilesets/train_exterior/train_exterior/train_exterior_te_gk_te_027_32x32_1746.png,assets/tilesets/train_exterior/train_exterior/train_exterior_te_roof_and_trim_strips_green_commuter_32x32_1746.png,train_type_proposal
assets/tilesets/train_exterior/train_exterior/train_exterior_te_gk_te_030_32x32_1749.png,assets/tilesets/train_exterior/train_exterior/train_exterior_te_green_window_sections_orange_livery_32x32_1749.png,train_type_proposal
assets/tilesets/train_exterior/train_exterior/train_exterior_te_gk_te_031_32x32_1750.png,assets/tilesets/train_exterior/train_exterior/train_exterior_te_green_window_sections_green_commuter_32x32_1750.png,train_type_proposal
assets/tilesets/train_exterior/train_exterior/train_exterior_te_gk_te_034_32x32_1753.png,assets/tilesets/train_exterior/train_exterior/train_exterior_te_green_window_sections_green_commuter_32x32_1753.png,train_type_proposal
assets/tilesets/train_exterior/train_exterior/train_exterior_te_gk_te_037_32x32_1756.png,assets/tilesets/train_exterior/train_exterior/train_exterior_te_green_window_sections_green_commuter_32x32_1756.png,train_type_proposal
assets/tilesets/train_exterior/train_exterior/train_exterior_te_gk_te_039_32x32_1758.png,assets/tilesets/train_exterior/train_exterior/train_exterior_te_green_window_sections_green_commuter_32x32_1758.png,train_type_proposal
assets/tilesets/train_exterior/train_exterior/train_exterior_te_gk_te_041_32x32_1760.png,assets/tilesets/train_exterior/train_exterior/train_exterior_te_green_window_sections_blue_commuter_32x32_1760.png,train_type_proposal
assets/tilesets/train_exterior/train_exterior/train_exterior_te_gk_te_044_32x32_1763.png,assets/tilesets/train_exterior/train_exterior/train_exterior_te_green_window_sections_blue_commuter_32x32_1763.png,train_type_proposal
assets/tilesets/train_exterior/train_exterior/train_exterior_te_gk_te_053_32x32_1772.png,assets/tilesets/train_exterior/train_exterior/train_exterior_te_green_window_sections_orange_livery_32x32_1772.png,train_type_proposal
assets/tilesets/train_exterior/train_exterior/train_exterior_te_gk_te_054_32x32_1773.png,assets/tilesets/train_exterior/train_exterior/train_exterior_te_green_window_sections_blue_commuter_32x32_1773.png,train_type_proposal
assets/tilesets/train_exterior/train_exterior/train_exterior_te_gk_te_057_32x32_1776.png,assets/tilesets/train_exterior/train_exterior/train_exterior_te_green_window_sections_orange_livery_32x32_1776.png,train_type_proposal
assets/tilesets/train_exterior/train_exterior/train_exterior_te_gk_te_060_32x32_1779.png,assets/tilesets/train_exterior/train_exterior/train_exterior_te_green_window_sections_green_commuter_32x32_1779.png,train_type_proposal
assets/tilesets/train_exterior/train_exterior/train_exterior_te_gk_te_096_32x32_1815.png,assets/tilesets/train_exterior/train_exterior/train_exterior_te_nose_parts_misc_unknown_32x32_1815.png,train_type_proposal
assets/tilesets/train_exterior/train_exterior/train_exterior_te_gk_te_097_32x32_1816.png,assets/tilesets/train_exterior/train_exterior/train_exterior_te_nose_parts_misc_unknown_32x32_1816.png,train_type_proposal
assets/tilesets/train_exterior/train_exterior/train_exterior_te_gk_te_098_32x32_1817.png,assets/tilesets/train_exterior/train_exterior/train_exterior_te_nose_parts_misc_unknown_32x32_1817.png,train_type_proposal
assets/tilesets/train_exterior/train_exterior/train_exterior_te_gk_te_128_32x32_1847.png,assets/tilesets/train_exterior/train_exterior/train_exterior_te_nose_parts_misc_unknown_32x32_1847.png,train_type_proposal
assets/tilesets/train_exterior/train_exterior/train_exterior_te_gk_te_129_32x32_1848.png,assets/tilesets/train_exterior/train_exterior/train_exterior_te_nose_parts_misc_unknown_32x32_1848.png,train_type_proposal
assets/tilesets/train_exterior/train_exterior/train_exterior_te_gk_te_130_32x32_1849.png,assets/tilesets/train_exterior/train_exterior/train_exterior_te_nose_parts_misc_unknown_32x32_1849.png,train_type_proposal
assets/tilesets/train_exterior/train_exterior/train_exterior_te_gk_te_131_32x32_1850.png,assets/tilesets/train_exterior/train_exterior/train_exterior_te_nose_parts_misc_unknown_32x32_1850.png,train_type_proposal
assets/tilesets/train_exterior/train_exterior/train_exterior_te_gk_te_132_32x32_1851.png,assets/tilesets/train_exterior/train_exterior/train_exterior_te_nose_parts_misc_unknown_32x32_1851.png,train_type_proposal
assets/tilesets/train_exterior/train_exterior/train_exterior_te_gk_te_133_32x32_1852.png,assets/tilesets/train_exterior/train_exterior/train_exterior_te_nose_parts_misc_unknown_32x32_1852.png,train_type_proposal
assets/tilesets/train_exterior/train_exterior/train_exterior_te_gk_te_205_32x32_1924.png,assets/tilesets/train_exterior/train_exterior/train_exterior_te_carriage_body_blue_silver_hsr_32x32_1924.png,train_type_proposal
assets/tilesets/train_interiors/train_interior/train_interior_ti_gk_ti_003_32x32_0899.png,assets/tilesets/train_interiors/train_interior/train_interior_ti_narrow_window_panels_blue_commuter_32x32_0899.png,train_type_proposal
assets/tilesets/train_interiors/train_interior/train_interior_ti_gk_ti_004_32x32_0900.png,assets/tilesets/train_interiors/train_interior/train_interior_ti_narrow_window_panels_blue_commuter_32x32_0900.png,train_type_proposal
assets/tilesets/train_interiors/train_interior/train_interior_ti_gk_ti_025_32x32_0921.png,assets/tilesets/train_interiors/train_interior/train_interior_ti_handrail_horizontal_unknown_32x32_0921.png,train_type_proposal
assets/tilesets/train_interiors/train_interior/train_interior_ti_gk_ti_028_32x32_0924.png,assets/tilesets/train_interiors/train_interior/train_interior_ti_handrail_horizontal_unknown_32x32_0924.png,train_type_proposal
assets/tilesets/train_interiors/train_interior/train_interior_ti_gk_ti_029_32x32_0925.png,assets/tilesets/train_interiors/train_interior/train_interior_ti_handrail_horizontal_blue_commuter_32x32_0925.png,train_type_proposal
assets/tilesets/train_interiors/train_interior/train_interior_ti_gk_ti_035_32x32_0931.png,assets/tilesets/train_interiors/train_interior/train_interior_ti_door_frames_tall_blue_commuter_32x32_0931.png,train_type_proposal
assets/tilesets/train_interiors/train_interior/train_interior_ti_gk_ti_037_32x32_0933.png,assets/tilesets/train_interiors/train_interior/train_interior_ti_door_frames_tall_unknown_32x32_0933.png,train_type_proposal
assets/tilesets/train_interiors/train_interior/train_interior_ti_gk_ti_039_32x32_0935.png,assets/tilesets/train_interiors/train_interior/train_interior_ti_seat_cushion_variants_orange_livery_32x32_0935.png,train_type_proposal
assets/tilesets/train_interiors/train_interior/train_interior_ti_gk_ti_041_32x32_0937.png,assets/tilesets/train_interiors/train_interior/train_interior_ti_wall_panel_strips_orange_livery_32x32_0937.png,train_type_proposal
assets/tilesets/train_interiors/train_interior/train_interior_ti_gk_ti_046_32x32_0942.png,assets/tilesets/train_interiors/train_interior/train_interior_ti_vertical_handles_orange_livery_32x32_0942.png,train_type_proposal
assets/tilesets/train_interiors/train_interior/train_interior_ti_gk_ti_047_32x32_0943.png,assets/tilesets/train_interiors/train_interior/train_interior_ti_vertical_handles_orange_livery_32x32_0943.png,train_type_proposal
assets/tilesets/train_interiors/train_interior/train_interior_ti_gk_ti_050_32x32_0946.png,assets/tilesets/train_interiors/train_interior/train_interior_ti_vertical_handles_orange_livery_32x32_0946.png,train_type_proposal
assets/tilesets/train_interiors/train_interior/train_interior_ti_gk_ti_051_32x32_0947.png,assets/tilesets/train_interiors/train_interior/train_interior_ti_vertical_handles_orange_livery_32x32_0947.png,train_type_proposal
assets/tilesets/train_interiors/train_interior/train_interior_ti_gk_ti_056_32x32_0952.png,assets/tilesets/train_interiors/train_interior/train_interior_ti_door_panels_blue_silver_hsr_32x32_0952.png,train_type_proposal
assets/tilesets/train_interiors/train_interior/train_interior_ti_gk_ti_057_32x32_0953.png,assets/tilesets/train_interiors/train_interior/train_interior_ti_poster_panel_frames_silver_hsr_32x32_0953.png,train_type_proposal
assets/tilesets/train_interiors/train_interior/train_interior_ti_gk_ti_064_32x32_0960.png,assets/tilesets/train_interiors/train_interior/train_interior_ti_seat_rows_unknown_32x32_0960.png,train_type_proposal
assets/tilesets/train_interiors/train_interior/train_interior_ti_gk_ti_069_32x32_0965.png,assets/tilesets/train_interiors/train_interior/train_interior_ti_vertical_poles_blue_commuter_32x32_0965.png,train_type_proposal
assets/tilesets/train_interiors/train_interior/train_interior_ti_gk_ti_070_32x32_0966.png,assets/tilesets/train_interiors/train_interior/train_interior_ti_seat_rows_blue_commuter_32x32_0966.png,train_type_proposal
assets/tilesets/train_interiors/train_interior/train_interior_ti_gk_ti_074_32x32_0970.png,assets/tilesets/train_interiors/train_interior/train_interior_ti_hanging_handles_row_orange_livery_32x32_0970.png,train_type_proposal
assets/tilesets/train_interiors/train_interior/train_interior_ti_gk_ti_075_32x32_0971.png,assets/tilesets/train_interiors/train_interior/train_interior_ti_hanging_handles_alt_orange_livery_32x32_0971.png,train_type_proposal
assets/tilesets/train_interiors/train_interior/train_interior_ti_gk_ti_076_32x32_0972.png,assets/tilesets/train_interiors/train_interior/train_interior_ti_hanging_handles_row_orange_livery_32x32_0972.png,train_type_proposal
assets/tilesets/train_interiors/train_interior/train_interior_ti_gk_ti_077_32x32_0973.png,assets/tilesets/train_interiors/train_interior/train_interior_ti_hanging_handles_row_orange_livery_32x32_0973.png,train_type_proposal
assets/tilesets/train_interiors/train_interior/train_interior_ti_gk_ti_080_32x32_0976.png,assets/tilesets/train_interiors/train_interior/train_interior_ti_hanging_handles_alt_orange_livery_32x32_0976.png,train_type_proposal
assets/tilesets/train_interiors/train_interior/train_interior_ti_gk_ti_083_32x32_0979.png,assets/tilesets/train_interiors/train_interior/train_interior_ti_window_top_panels_blue_commuter_32x32_0979.png,train_type_proposal
assets/tilesets/train_interiors/train_interior/train_interior_ti_gk_ti_085_32x32_0981.png,assets/tilesets/train_interiors/train_interior/train_interior_ti_ceiling_light_panels_unknown_32x32_0981.png,train_type_proposal
assets/tilesets/train_interiors/train_interior/train_interior_ti_gk_ti_088_32x32_0984.png,assets/tilesets/train_interiors/train_interior/train_interior_ti_window_top_panels_unknown_32x32_0984.png,train_type_proposal
assets/tilesets/train_interiors/train_interior/train_interior_ti_gk_ti_089_32x32_0985.png,assets/tilesets/train_interiors/train_interior/train_interior_ti_ceiling_light_panels_unknown_32x32_0985.png,train_type_proposal
assets/tilesets/train_interiors/train_interior/train_interior_ti_gk_ti_091_32x32_0987.png,assets/tilesets/train_interiors/train_interior/train_interior_ti_ceiling_light_panels_blue_commuter_32x32_0987.png,train_type_proposal
assets/tilesets/train_interiors/train_interior/train_interior_ti_gk_ti_097_32x32_0993.png,assets/tilesets/train_interiors/train_interior/train_interior_ti_handrail_horizontal_silver_hsr_32x32_0993.png,train_type_proposal
assets/tilesets/train_interiors/train_interior/train_interior_ti_gk_ti_098_32x32_0994.png,assets/tilesets/train_interiors/train_interior/train_interior_ti_handrail_horizontal_unknown_32x32_0994.png,train_type_proposal
assets/tilesets/train_interiors/train_interior/train_interior_ti_gk_ti_099_32x32_0995.png,assets/tilesets/train_interiors/train_interior/train_interior_ti_window_top_panels_unknown_32x32_0995.png,train_type_proposal
assets/tilesets/train_interiors/train_interior/train_interior_ti_gk_ti_100_32x32_0996.png,assets/tilesets/train_interiors/train_interior/train_interior_ti_handrail_horizontal_unknown_32x32_0996.png,train_type_proposal
assets/tilesets/train_interiors/train_interior/train_interior_ti_gk_ti_106_32x32_1002.png,assets/tilesets/train_interiors/train_interior/train_interior_ti_dark_window_insets_unknown_32x32_1002.png,train_type_proposal
assets/tilesets/train_interiors/train_interior/train_interior_ti_gk_ti_107_32x32_1003.png,assets/tilesets/train_interiors/train_interior/train_interior_ti_window_top_panels_unknown_32x32_1003.png,train_type_proposal
assets/tilesets/train_interiors/train_interior/train_interior_ti_gk_ti_109_32x32_1005.png,assets/tilesets/train_interiors/train_interior/train_interior_ti_window_top_panels_unknown_32x32_1005.png,train_type_proposal
assets/tilesets/train_interiors/train_interior/train_interior_ti_gk_ti_110_32x32_1006.png,assets/tilesets/train_interiors/train_interior/train_interior_ti_seat_rows_unknown_32x32_1006.png,train_type_proposal
assets/tilesets/train_interiors/train_interior/train_interior_ti_gk_ti_115_32x32_1011.png,assets/tilesets/train_interiors/train_interior/train_interior_ti_vertical_handles_silver_hsr_32x32_1011.png,train_type_proposal
assets/tilesets/train_interiors/train_interior/train_interior_ti_gk_ti_116_32x32_1012.png,assets/tilesets/train_interiors/train_interior/train_interior_ti_vertical_handles_silver_hsr_32x32_1012.png,train_type_proposal
assets/tilesets/train_interiors/train_interior/train_interior_ti_gk_ti_117_32x32_1013.png,assets/tilesets/train_interiors/train_interior/train_interior_ti_vertical_handles_silver_hsr_32x32_1013.png,train_type_proposal
assets/tilesets/train_interiors/train_interior/train_interior_ti_gk_ti_136_32x32_1032.png,assets/tilesets/train_interiors/train_interior/train_interior_ti_hanging_handles_row_silver_hsr_32x32_1032.png,train_type_proposal
assets/tilesets/train_interiors/train_interior/train_interior_ti_gk_ti_137_32x32_1033.png,assets/tilesets/train_interiors/train_interior/train_interior_ti_hanging_handles_row_silver_hsr_32x32_1033.png,train_type_proposal
assets/tilesets/train_interiors/train_interior/train_interior_ti_gk_ti_138_32x32_1034.png,assets/tilesets/train_interiors/train_interior/train_interior_ti_hanging_handles_row_silver_hsr_32x32_1034.png,train_type_proposal
assets/tilesets/train_interiors/train_interior/train_interior_ti_gk_ti_139_32x32_1035.png,assets/tilesets/train_interiors/train_interior/train_interior_ti_hanging_handles_alt_silver_hsr_32x32_1035.png,train_type_proposal
assets/tilesets/train_interiors/train_interior/train_interior_ti_gk_ti_140_32x32_1036.png,assets/tilesets/train_interiors/train_interior/train_interior_ti_window_top_panels_unknown_32x32_1036.png,train_type_proposal
assets/tilesets/train_interiors/train_interior/train_interior_ti_gk_ti_141_32x32_1037.png,assets/tilesets/train_interiors/train_interior/train_interior_ti_ceiling_light_panels_unknown_32x32_1037.png,train_type_proposal
assets/tilesets/train_interiors/train_interior/train_interior_ti_gk_ti_142_32x32_1038.png,assets/tilesets/train_interiors/train_interior/train_interior_ti_ceiling_light_panels_unknown_32x32_1038.png,train_type_proposal
assets/tilesets/train_interiors/train_interior/train_interior_ti_gk_ti_144_32x32_1040.png,assets/tilesets/train_interiors/train_interior/train_interior_ti_single_panel_dark_unknown_32x32_1040.png,train_type_proposal
assets/tilesets/train_interiors/train_interior/train_interior_ti_gk_ti_151_32x32_1047.png,assets/tilesets/train_interiors/train_interior/train_interior_ti_narrow_window_panels_silver_hsr_32x32_1047.png,train_type_proposal
assets/tilesets/train_interiors/train_interior/train_interior_ti_gk_ti_178_32x32_1074.png,assets/tilesets/train_interiors/train_interior/train_interior_ti_handrail_horizontal_unknown_32x32_1074.png,train_type_proposal
assets/tilesets/train_interiors/train_interior/train_interior_ti_gk_ti_179_32x32_1075.png,assets/tilesets/train_interiors/train_interior/train_interior_ti_handrail_horizontal_unknown_32x32_1075.png,train_type_proposal
assets/tilesets/train_interiors/train_interior/train_interior_ti_gk_ti_186_32x32_1082.png,assets/tilesets/train_interiors/train_interior/train_interior_ti_wall_panel_strips_blue_commuter_32x32_1082.png,train_type_proposal
assets/tilesets/train_interiors/train_interior/train_interior_ti_gk_ti_187_32x32_1083.png,assets/tilesets/train_interiors/train_interior/train_interior_ti_seat_cushion_variants_green_commuter_32x32_1083.png,train_type_proposal
assets/tilesets/train_interiors/train_interior/train_interior_ti_gk_ti_189_32x32_1085.png,assets/tilesets/train_interiors/train_interior/train_interior_ti_wall_panel_strips_green_commuter_32x32_1085.png,train_type_proposal
assets/tilesets/train_interiors/train_interior/train_interior_ti_gk_ti_196_32x32_1092.png,assets/tilesets/train_interiors/train_interior/train_interior_ti_hanging_handles_row_silver_hsr_32x32_1092.png,train_type_proposal
assets/tilesets/train_interiors/train_interior/train_interior_ti_gk_ti_197_32x32_1093.png,assets/tilesets/train_interiors/train_interior/train_interior_ti_hanging_handles_row_silver_hsr_32x32_1093.png,train_type_proposal
assets/tilesets/train_interiors/train_interior/train_interior_ti_gk_ti_198_32x32_1094.png,assets/tilesets/train_interiors/train_interior/train_interior_ti_seat_blocks_colored_orange_livery_32x32_1094.png,train_type_proposal
assets/tilesets/train_interiors/train_interior/train_interior_ti_gk_ti_219_32x32_1115.png,assets/tilesets/train_interiors/train_interior/train_interior_ti_handrail_horizontal_silver_hsr_32x32_1115.png,train_type_proposal
assets/tilesets/train_interiors/train_interior/train_interior_ti_gk_ti_220_32x32_1116.png,assets/tilesets/train_interiors/train_interior/train_interior_ti_handrail_horizontal_silver_hsr_32x32_1116.png,train_type_proposal
assets/tilesets/train_interiors/train_interior/train_interior_ti_gk_ti_227_32x32_1123.png,assets/tilesets/train_interiors/train_interior/train_interior_ti_seat_rows_unknown_32x32_1123.png,train_type_proposal
assets/tilesets/train_interiors/train_interior/train_interior_ti_gk_ti_230_32x32_1126.png,assets/tilesets/train_interiors/train_interior/train_interior_ti_hanging_handles_row_orange_livery_32x32_1126.png,train_type_proposal
assets/tilesets/train_interiors/train_interior/train_interior_ti_gk_ti_231_32x32_1127.png,assets/tilesets/train_interiors/train_interior/train_interior_ti_hanging_handles_row_orange_livery_32x32_1127.png,train_type_proposal
assets/tilesets/train_interiors/train_interior/train_interior_ti_gk_ti_235_32x32_1131.png,assets/tilesets/train_interiors/train_interior/train_interior_ti_window_top_panels_unknown_32x32_1131.png,train_type_proposal
assets/tilesets/train_interiors/train_interior/train_interior_ti_gk_ti_236_32x32_1132.png,assets/tilesets/train_interiors/train_interior/train_interior_ti_ceiling_light_panels_unknown_32x32_1132.png,train_type_proposal
assets/tilesets/train_interiors/train_interior/train_interior_ti_gk_ti_249_32x32_1145.png,assets/tilesets/train_interiors/train_interior/train_interior_ti_hanging_handles_alt_silver_hsr_32x32_1145.png,train_type_proposal
assets/tilesets/train_interiors/train_interior/train_interior_ti_gk_ti_250_32x32_1146.png,assets/tilesets/train_interiors/train_interior/train_interior_ti_hanging_handles_alt_silver_hsr_32x32_1146.png,train_type_proposal
assets/tilesets/train_interiors/train_interior/train_interior_ti_gk_ti_252_32x32_1148.png,assets/tilesets/train_interiors/train_interior/train_interior_ti_interior_doors_variants_orange_livery_32x32_1148.png,train_type_proposal
assets/tilesets/train_interiors/train_interior/train_interior_ti_gk_ti_256_32x32_1152.png,assets/tilesets/train_interiors/train_interior/train_interior_ti_dark_window_insets_unknown_32x32_1152.png,train_type_proposal
assets/tilesets/train_interiors/train_interior/train_interior_ti_gk_ti_257_32x32_1153.png,assets/tilesets/train_interiors/train_interior/train_interior_ti_window_top_panels_unknown_32x32_1153.png,train_type_proposal
assets/tilesets/train_interiors/train_interior/train_interior_ti_gk_ti_259_32x32_1155.png,assets/tilesets/train_interiors/train_interior/train_interior_ti_window_top_panels_unknown_32x32_1155.png,train_type_proposal
assets/tilesets/train_interiors/train_interior/train_interior_ti_gk_ti_263_32x32_1159.png,assets/tilesets/train_interiors/train_interior/train_interior_ti_handrail_horizontal_unknown_32x32_1159.png,train_type_proposal
assets/tilesets/train_interiors/train_interior/train_interior_ti_gk_ti_264_32x32_1160.png,assets/tilesets/train_interiors/train_interior/train_interior_ti_handrail_horizontal_unknown_32x32_1160.png,train_type_proposal
assets/tilesets/train_interiors/train_interior/train_interior_ti_gk_ti_275_32x32_1171.png,assets/tilesets/train_interiors/train_interior/train_interior_ti_seat_cushion_variants_blue_commuter_32x32_1171.png,train_type_proposal
assets/tilesets/train_interiors/train_interior/train_interior_ti_gk_ti_276_32x32_1172.png,assets/tilesets/train_interiors/train_interior/train_interior_ti_seat_blocks_colored_orange_livery_32x32_1172.png,train_type_proposal
assets/tilesets/train_interiors/train_interior/train_interior_ti_gk_ti_277_32x32_1173.png,assets/tilesets/train_interiors/train_interior/train_interior_ti_seat_blocks_colored_blue_commuter_32x32_1173.png,train_type_proposal
assets/tilesets/train_interiors/train_interior/train_interior_ti_gk_ti_283_32x32_1179.png,assets/tilesets/train_interiors/train_interior/train_interior_ti_ceiling_light_panels_unknown_32x32_1179.png,train_type_proposal
assets/tilesets/train_interiors/train_interior/train_interior_ti_gk_ti_286_32x32_1182.png,assets/tilesets/train_interiors/train_interior/train_interior_ti_hanging_handles_alt_orange_livery_32x32_1182.png,train_type_proposal
assets/tilesets/train_interiors/train_interior/train_interior_ti_gk_ti_287_32x32_1183.png,assets/tilesets/train_interiors/train_interior/train_interior_ti_hanging_handles_alt_orange_livery_32x32_1183.png,train_type_proposal
assets/tilesets/train_interiors/train_interior/train_interior_ti_gk_ti_288_32x32_1184.png,assets/tilesets/train_interiors/train_interior/train_interior_ti_hanging_handles_alt_orange_livery_32x32_1184.png,train_type_proposal
assets/tilesets/train_interiors/train_interior/train_interior_ti_gk_ti_289_32x32_1185.png,assets/tilesets/train_interiors/train_interior/train_interior_ti_hanging_handles_alt_orange_livery_32x32_1185.png,train_type_proposal
assets/tilesets/train_interiors/train_interior/train_interior_ti_gk_ti_290_32x32_1186.png,assets/tilesets/train_interiors/train_interior/train_interior_ti_handrail_horizontal_unknown_32x32_1186.png,train_type_proposal
assets/tilesets/train_interiors/train_interior/train_interior_ti_gk_ti_291_32x32_1187.png,assets/tilesets/train_interiors/train_interior/train_interior_ti_window_top_panels_unknown_32x32_1187.png,train_type_proposal
assets/tilesets/train_interiors/train_interior/train_interior_ti_gk_ti_292_32x32_1188.png,assets/tilesets/train_interiors/train_interior/train_interior_ti_handrail_horizontal_unknown_32x32_1188.png,train_type_proposal
assets/tilesets/train_interiors/train_interior/train_interior_ti_gk_ti_296_32x32_1192.png,assets/tilesets/train_interiors/train_interior/train_interior_ti_seat_blocks_colored_green_commuter_32x32_1192.png,train_type_proposal
assets/tilesets/train_interiors/train_interior/train_interior_ti_gk_ti_309_32x32_1205.png,assets/tilesets/train_interiors/train_interior/train_interior_ti_window_top_panels_unknown_32x32_1205.png,train_type_proposal
assets/tilesets/train_interiors/train_interior/train_interior_ti_gk_ti_310_32x32_1206.png,assets/tilesets/train_interiors/train_interior/train_interior_ti_ceiling_light_panels_unknown_32x32_1206.png,train_type_proposal
assets/tilesets/train_interiors/train_interior/train_interior_ti_gk_ti_311_32x32_1207.png,assets/tilesets/train_interiors/train_interior/train_interior_ti_ceiling_light_panels_unknown_32x32_1207.png,train_type_proposal
assets/tilesets/train_interiors/train_interior/train_interior_ti_gk_ti_318_32x32_1214.png,assets/tilesets/train_interiors/train_interior/train_interior_ti_seat_rows_blue_commuter_32x32_1214.png,train_type_proposal
assets/tilesets/train_station/station/station_ts_gk_ts_001_32x32_1331.png,assets/tilesets/train_station/station/station_ts_platform_edge_mixed_32x32_1331.png,semantic_proposal
assets/tilesets/train_station/station/station_ts_gk_ts_002_32x32_1332.png,assets/tilesets/train_station/station/station_ts_platform_edge_mixed_32x32_1332.png,semantic_proposal
assets/tilesets/train_station/station/station_ts_gk_ts_003_32x32_1333.png,assets/tilesets/train_station/station/station_ts_platform_edge_mixed_32x32_1333.png,semantic_proposal
assets/tilesets/train_station/station/station_ts_gk_ts_004_32x32_1334.png,assets/tilesets/train_station/station/station_ts_light_wall_panels_alt_32x32_1334.png,semantic_proposal
assets/tilesets/train_station/station/station_ts_gk_ts_005_32x32_1335.png,assets/tilesets/train_station/station/station_ts_light_wall_panels_alt_32x32_1335.png,semantic_proposal
assets/tilesets/train_station/station/station_ts_gk_ts_006_32x32_1336.png,assets/tilesets/train_station/station/station_ts_light_wall_panels_alt_32x32_1336.png,semantic_proposal
assets/tilesets/train_station/station/station_ts_gk_ts_007_32x32_1337.png,assets/tilesets/train_station/station/station_ts_light_wall_panels_32x32_1337.png,semantic_proposal
assets/tilesets/train_station/station/station_ts_gk_ts_008_32x32_1338.png,assets/tilesets/train_station/station/station_ts_small_ground_debris_32x32_1338.png,semantic_proposal
assets/tilesets/train_station/station/station_ts_gk_ts_009_32x32_1339.png,assets/tilesets/train_station/station/station_ts_small_ground_debris_32x32_1339.png,semantic_proposal
assets/tilesets/train_station/station/station_ts_gk_ts_010_32x32_1340.png,assets/tilesets/train_station/station/station_ts_small_ground_debris_32x32_1340.png,semantic_proposal
assets/tilesets/train_station/station/station_ts_gk_ts_011_32x32_1341.png,assets/tilesets/train_station/station/station_ts_small_ground_debris_32x32_1341.png,semantic_proposal
assets/tilesets/train_station/station/station_ts_gk_ts_012_32x32_1342.png,assets/tilesets/train_station/station/station_ts_small_ground_debris_32x32_1342.png,semantic_proposal
assets/tilesets/train_station/station/station_ts_gk_ts_013_32x32_1343.png,assets/tilesets/train_station/station/station_ts_small_ground_debris_32x32_1343.png,semantic_proposal
assets/tilesets/train_station/station/station_ts_gk_ts_014_32x32_1344.png,assets/tilesets/train_station/station/station_ts_signage_and_poles_32x32_1344.png,semantic_proposal
assets/tilesets/train_station/station/station_ts_gk_ts_015_32x32_1345.png,assets/tilesets/train_station/station/station_ts_blue_roof_tiles_32x32_1345.png,semantic_proposal
assets/tilesets/train_station/station/station_ts_gk_ts_016_32x32_1346.png,assets/tilesets/train_station/station/station_ts_signage_and_poles_32x32_1346.png,semantic_proposal
assets/tilesets/train_station/station/station_ts_gk_ts_017_32x32_1347.png,assets/tilesets/train_station/station/station_ts_bushes_cluster_32x32_1347.png,semantic_proposal
assets/tilesets/train_station/station/station_ts_gk_ts_018_32x32_1348.png,assets/tilesets/train_station/station/station_ts_foliage_ground_detail_32x32_1348.png,semantic_proposal
assets/tilesets/train_station/station/station_ts_gk_ts_019_32x32_1349.png,assets/tilesets/train_station/station/station_ts_light_wall_corners_32x32_1349.png,semantic_proposal
assets/tilesets/train_station/station/station_ts_gk_ts_026_32x32_1356.png,assets/tilesets/train_station/station/station_ts_lamp_and_pole_variants_32x32_1356.png,semantic_proposal
assets/tilesets/train_station/station/station_ts_gk_ts_027_32x32_1357.png,assets/tilesets/train_station/station/station_ts_bushes_cluster_32x32_1357.png,semantic_proposal
assets/tilesets/train_station/station/station_ts_gk_ts_028_32x32_1358.png,assets/tilesets/train_station/station/station_ts_bushes_cluster_32x32_1358.png,semantic_proposal
assets/tilesets/train_station/station/station_ts_gk_ts_029_32x32_1359.png,assets/tilesets/train_station/station/station_ts_bushes_cluster_32x32_1359.png,semantic_proposal
assets/tilesets/train_station/station/station_ts_gk_ts_030_32x32_1360.png,assets/tilesets/train_station/station/station_ts_bushes_cluster_32x32_1360.png,semantic_proposal
assets/tilesets/train_station/station/station_ts_gk_ts_031_32x32_1361.png,assets/tilesets/train_station/station/station_ts_bushes_cluster_32x32_1361.png,semantic_proposal
assets/tilesets/train_station/station/station_ts_gk_ts_032_32x32_1362.png,assets/tilesets/train_station/station/station_ts_bushes_cluster_32x32_1362.png,semantic_proposal
assets/tilesets/train_station/station/station_ts_gk_ts_033_32x32_1363.png,assets/tilesets/train_station/station/station_ts_bushes_cluster_32x32_1363.png,semantic_proposal
assets/tilesets/train_station/station/station_ts_gk_ts_034_32x32_1364.png,assets/tilesets/train_station/station/station_ts_bushes_cluster_32x32_1364.png,semantic_proposal
assets/tilesets/train_station/station/station_ts_gk_ts_035_32x32_1365.png,assets/tilesets/train_station/station/station_ts_bushes_cluster_32x32_1365.png,semantic_proposal
assets/tilesets/train_station/station/station_ts_gk_ts_036_32x32_1366.png,assets/tilesets/train_station/station/station_ts_bushes_cluster_32x32_1366.png,semantic_proposal
assets/tilesets/train_station/station/station_ts_gk_ts_037_32x32_1367.png,assets/tilesets/train_station/station/station_ts_bushes_cluster_32x32_1367.png,semantic_proposal
assets/tilesets/train_station/station/station_ts_gk_ts_038_32x32_1368.png,assets/tilesets/train_station/station/station_ts_bushes_cluster_32x32_1368.png,semantic_proposal
assets/tilesets/train_station/station/station_ts_gk_ts_039_32x32_1369.png,assets/tilesets/train_station/station/station_ts_light_wall_panels_32x32_1369.png,semantic_proposal
assets/tilesets/train_station/station/station_ts_gk_ts_040_32x32_1370.png,assets/tilesets/train_station/station/station_ts_platform_edge_mixed_32x32_1370.png,semantic_proposal
assets/tilesets/train_station/station/station_ts_gk_ts_041_32x32_1371.png,assets/tilesets/train_station/station/station_ts_platform_edge_mixed_32x32_1371.png,semantic_proposal
assets/tilesets/train_station/station/station_ts_gk_ts_042_32x32_1372.png,assets/tilesets/train_station/station/station_ts_platform_edge_mixed_32x32_1372.png,semantic_proposal
assets/tilesets/train_station/station/station_ts_gk_ts_043_32x32_1373.png,assets/tilesets/train_station/station/station_ts_station_accessory_mixed_32x32_1373.png,semantic_proposal
assets/tilesets/train_station/station/station_ts_gk_ts_044_32x32_1374.png,assets/tilesets/train_station/station/station_ts_light_wall_panels_32x32_1374.png,semantic_proposal
assets/tilesets/train_station/station/station_ts_gk_ts_045_32x32_1375.png,assets/tilesets/train_station/station/station_ts_signage_and_poles_32x32_1375.png,semantic_proposal
assets/tilesets/train_station/station/station_ts_gk_ts_046_32x32_1376.png,assets/tilesets/train_station/station/station_ts_signage_and_poles_32x32_1376.png,semantic_proposal
assets/tilesets/train_station/station/station_ts_gk_ts_047_32x32_1377.png,assets/tilesets/train_station/station/station_ts_signage_and_poles_32x32_1377.png,semantic_proposal
assets/tilesets/train_station/station/station_ts_gk_ts_048_32x32_1378.png,assets/tilesets/train_station/station/station_ts_light_wall_corners_32x32_1378.png,semantic_proposal
assets/tilesets/train_station/station/station_ts_gk_ts_049_32x32_1379.png,assets/tilesets/train_station/station/station_ts_platform_edge_mixed_32x32_1379.png,semantic_proposal
assets/tilesets/train_station/station/station_ts_gk_ts_050_32x32_1380.png,assets/tilesets/train_station/station/station_ts_diagonal_wall_edges_32x32_1380.png,semantic_proposal
assets/tilesets/train_station/station/station_ts_gk_ts_051_32x32_1381.png,assets/tilesets/train_station/station/station_ts_foliage_ground_detail_32x32_1381.png,semantic_proposal
assets/tilesets/train_station/station/station_ts_gk_ts_052_32x32_1382.png,assets/tilesets/train_station/station/station_ts_platform_edge_mixed_32x32_1382.png,semantic_proposal
assets/tilesets/train_station/station/station_ts_gk_ts_053_32x32_1383.png,assets/tilesets/train_station/station/station_ts_overhead_cables_32x32_1383.png,semantic_proposal
assets/tilesets/train_station/station/station_ts_gk_ts_054_32x32_1384.png,assets/tilesets/train_station/station/station_ts_platform_objects_mixed_32x32_1384.png,semantic_proposal
assets/tilesets/train_station/station/station_ts_gk_ts_055_32x32_1385.png,assets/tilesets/train_station/station/station_ts_overhead_cables_32x32_1385.png,semantic_proposal
assets/tilesets/train_station/station/station_ts_gk_ts_056_32x32_1386.png,assets/tilesets/train_station/station/station_ts_overhead_cables_32x32_1386.png,semantic_proposal
assets/tilesets/train_station/station/station_ts_gk_ts_057_32x32_1387.png,assets/tilesets/train_station/station/station_ts_platform_objects_mixed_32x32_1387.png,semantic_proposal
assets/tilesets/train_station/station/station_ts_gk_ts_058_32x32_1388.png,assets/tilesets/train_station/station/props_ts_wood_log_small_32x32_1388.png,semantic_proposal
assets/tilesets/train_station/station/station_ts_gk_ts_059_32x32_1389.png,assets/tilesets/train_station/station/station_ts_terrain_slope_edges_32x32_1389.png,semantic_proposal
assets/tilesets/train_station/station/station_ts_gk_ts_060_32x32_1390.png,assets/tilesets/train_station/station/station_ts_terrain_grass_patches_32x32_1390.png,semantic_proposal
assets/tilesets/train_station/station/station_ts_gk_ts_061_32x32_1391.png,assets/tilesets/train_station/station/station_ts_terrain_grass_patches_32x32_1391.png,semantic_proposal
assets/tilesets/train_station/station/station_ts_gk_ts_062_32x32_1392.png,assets/tilesets/train_station/station/station_ts_terrain_grass_patches_32x32_1392.png,semantic_proposal
assets/tilesets/train_station/station/station_ts_gk_ts_063_32x32_1393.png,assets/tilesets/train_station/station/station_ts_station_accessory_mixed_32x32_1393.png,semantic_proposal
assets/tilesets/train_station/station/station_ts_gk_ts_064_32x32_1394.png,assets/tilesets/train_station/station/station_ts_terrain_grass_patches_32x32_1394.png,semantic_proposal
assets/tilesets/train_station/station/station_ts_gk_ts_065_32x32_1395.png,assets/tilesets/train_station/station/station_ts_terrain_grass_patches_32x32_1395.png,semantic_proposal
assets/tilesets/train_station/station/station_ts_gk_ts_066_32x32_1396.png,assets/tilesets/train_station/station/station_ts_glass_canopy_segments_32x32_1396.png,semantic_proposal
assets/tilesets/train_station/station/station_ts_gk_ts_067_32x32_1397.png,assets/tilesets/train_station/station/station_ts_bird_sprites_32x32_1397.png,semantic_proposal
assets/tilesets/train_station/station/station_ts_gk_ts_068_32x32_1398.png,assets/tilesets/train_station/station/station_ts_bird_sprites_32x32_1398.png,semantic_proposal
assets/tilesets/train_station/station/station_ts_gk_ts_069_32x32_1399.png,assets/tilesets/train_station/station/station_ts_bird_sprites_32x32_1399.png,semantic_proposal
assets/tilesets/train_station/station/station_ts_gk_ts_070_32x32_1400.png,assets/tilesets/train_station/station/station_ts_bird_sprites_32x32_1400.png,semantic_proposal
assets/tilesets/train_station/station/station_ts_gk_ts_071_32x32_1401.png,assets/tilesets/train_station/station/station_ts_bird_sprites_32x32_1401.png,semantic_proposal
assets/tilesets/train_station/station/station_ts_gk_ts_072_32x32_1402.png,assets/tilesets/train_station/station/station_ts_bird_sprites_32x32_1402.png,semantic_proposal
assets/tilesets/train_station/station/station_ts_gk_ts_073_32x32_1403.png,assets/tilesets/train_station/station/station_ts_bird_sprites_32x32_1403.png,semantic_proposal
assets/tilesets/train_station/station/station_ts_gk_ts_074_32x32_1404.png,assets/tilesets/train_station/station/station_ts_bird_sprites_32x32_1404.png,semantic_proposal
assets/tilesets/train_station/station/station_ts_gk_ts_075_32x32_1405.png,assets/tilesets/train_station/station/station_ts_bird_sprites_32x32_1405.png,semantic_proposal
assets/tilesets/train_station/station/station_ts_gk_ts_076_32x32_1406.png,assets/tilesets/train_station/station/station_ts_bird_sprites_32x32_1406.png,semantic_proposal
assets/tilesets/train_station/station/station_ts_gk_ts_077_32x32_1407.png,assets/tilesets/train_station/station/station_ts_bird_sprites_32x32_1407.png,semantic_proposal
assets/tilesets/train_station/station/station_ts_gk_ts_078_32x32_1408.png,assets/tilesets/train_station/station/station_ts_bird_sprites_32x32_1408.png,semantic_proposal
assets/tilesets/train_station/station/station_ts_gk_ts_079_32x32_1409.png,assets/tilesets/train_station/station/station_ts_platform_edge_mixed_32x32_1409.png,semantic_proposal
assets/tilesets/train_station/station/station_ts_gk_ts_080_32x32_1410.png,assets/tilesets/train_station/station/station_ts_platform_edge_mixed_32x32_1410.png,semantic_proposal
assets/tilesets/train_station/station/station_ts_gk_ts_081_32x32_1411.png,assets/tilesets/train_station/station/station_ts_platform_edge_mixed_32x32_1411.png,semantic_proposal
assets/tilesets/train_station/station/station_ts_gk_ts_082_32x32_1412.png,assets/tilesets/train_station/station/station_ts_platform_edge_mixed_32x32_1412.png,semantic_proposal
assets/tilesets/train_station/station/station_ts_gk_ts_083_32x32_1413.png,assets/tilesets/train_station/station/station_ts_light_wall_panels_32x32_1413.png,semantic_proposal
assets/tilesets/train_station/station/station_ts_gk_ts_084_32x32_1414.png,assets/tilesets/train_station/station/station_ts_light_wall_panels_32x32_1414.png,semantic_proposal
assets/tilesets/train_station/station/station_ts_gk_ts_085_32x32_1415.png,assets/tilesets/train_station/station/station_ts_light_wall_panels_32x32_1415.png,semantic_proposal
assets/tilesets/train_station/station/station_ts_gk_ts_086_32x32_1416.png,assets/tilesets/train_station/station/station_ts_light_wall_panels_32x32_1416.png,semantic_proposal
assets/tilesets/train_station/station/station_ts_gk_ts_087_32x32_1417.png,assets/tilesets/train_station/station/station_ts_lamp_and_pole_variants_32x32_1417.png,semantic_proposal
assets/tilesets/train_station/station/station_ts_gk_ts_088_32x32_1418.png,assets/tilesets/train_station/station/station_ts_shrubs_cluster_32x32_1418.png,semantic_proposal
assets/tilesets/train_station/station/station_ts_gk_ts_089_32x32_1419.png,assets/tilesets/train_station/station/station_ts_tiny_diagonal_metal_32x32_1419.png,semantic_proposal
assets/tilesets/train_station/station/station_ts_gk_ts_090_32x32_1420.png,assets/tilesets/train_station/station/station_ts_platform_edge_mixed_32x32_1420.png,semantic_proposal
assets/tilesets/train_station/station/station_ts_gk_ts_091_32x32_1421.png,assets/tilesets/train_station/station/station_ts_platform_edge_mixed_32x32_1421.png,semantic_proposal
assets/tilesets/train_station/station/station_ts_gk_ts_092_32x32_1422.png,assets/tilesets/train_station/station/station_ts_bushes_cluster_32x32_1422.png,semantic_proposal
assets/tilesets/train_station/station/station_ts_gk_ts_093_32x32_1423.png,assets/tilesets/train_station/station/station_ts_lamp_and_pole_variants_32x32_1423.png,semantic_proposal
assets/tilesets/train_station/station/station_ts_gk_ts_094_32x32_1424.png,assets/tilesets/train_station/station/station_ts_pavement_beige_tiles_32x32_1424.png,semantic_proposal
assets/tilesets/train_station/station/station_ts_gk_ts_095_32x32_1425.png,assets/tilesets/train_station/station/station_ts_pavement_beige_tiles_32x32_1425.png,semantic_proposal
assets/tilesets/train_station/station/station_ts_gk_ts_096_32x32_1426.png,assets/tilesets/train_station/station/station_ts_signage_and_poles_32x32_1426.png,semantic_proposal
assets/tilesets/train_station/station/station_ts_gk_ts_097_32x32_1427.png,assets/tilesets/train_station/station/station_ts_signage_and_poles_32x32_1427.png,semantic_proposal
assets/tilesets/train_station/station/station_ts_gk_ts_098_32x32_1428.png,assets/tilesets/train_station/station/station_ts_bushes_cluster_32x32_1428.png,semantic_proposal
assets/tilesets/train_station/station/station_ts_gk_ts_099_32x32_1429.png,assets/tilesets/train_station/station/station_ts_grass_and_slope_small_32x32_1429.png,semantic_proposal
assets/tilesets/train_station/station/station_ts_gk_ts_100_32x32_1430.png,assets/tilesets/train_station/station/nature_ts_bush_patch_small_32x32_1430.png,semantic_proposal
assets/tilesets/train_station/station/station_ts_gk_ts_101_32x32_1431.png,assets/tilesets/train_station/station/station_ts_grass_and_slope_small_32x32_1431.png,semantic_proposal
assets/tilesets/train_station/station/station_ts_gk_ts_102_32x32_1432.png,assets/tilesets/train_station/station/station_ts_terrain_grass_patches_32x32_1432.png,semantic_proposal
assets/tilesets/train_station/station/station_ts_gk_ts_103_32x32_1433.png,assets/tilesets/train_station/station/station_ts_terrain_grass_patches_32x32_1433.png,semantic_proposal
assets/tilesets/train_station/station/station_ts_gk_ts_104_32x32_1434.png,assets/tilesets/train_station/station/station_ts_platform_edge_mixed_32x32_1434.png,semantic_proposal
assets/tilesets/train_station/station/station_ts_gk_ts_105_32x32_1435.png,assets/tilesets/train_station/station/station_ts_platform_edge_mixed_32x32_1435.png,semantic_proposal
assets/tilesets/train_station/station/station_ts_gk_ts_106_32x32_1436.png,assets/tilesets/train_station/station/station_ts_platform_edge_mixed_32x32_1436.png,semantic_proposal
assets/tilesets/train_station/station/station_ts_gk_ts_107_32x32_1437.png,assets/tilesets/train_station/station/station_ts_terrain_grass_patches_32x32_1437.png,semantic_proposal
assets/tilesets/train_station/station/station_ts_gk_ts_108_32x32_1438.png,assets/tilesets/train_station/station/station_ts_glass_canopy_segments_32x32_1438.png,semantic_proposal
assets/tilesets/train_station/station/station_ts_gk_ts_109_32x32_1439.png,assets/tilesets/train_station/station/character_ts_cat_laying_32x32_1439.png,semantic_proposal
assets/tilesets/train_station/station/station_ts_gk_ts_110_32x32_1440.png,assets/tilesets/train_station/station/character_ts_cat_laying_32x32_1440.png,semantic_proposal
assets/tilesets/train_station/station/station_ts_gk_ts_111_32x32_1441.png,assets/tilesets/train_station/station/character_ts_cat_laying_32x32_1441.png,semantic_proposal
assets/tilesets/train_station/station/station_ts_gk_ts_112_32x32_1442.png,assets/tilesets/train_station/station/character_ts_cat_laying_32x32_1442.png,semantic_proposal
assets/tilesets/train_station/station/station_ts_gk_ts_113_32x32_1443.png,assets/tilesets/train_station/station/station_ts_platform_edge_mixed_32x32_1443.png,semantic_proposal
assets/tilesets/train_station/station/station_ts_gk_ts_114_32x32_1444.png,assets/tilesets/train_station/station/station_ts_platform_edge_mixed_32x32_1444.png,semantic_proposal
assets/tilesets/train_station/station/station_ts_gk_ts_115_32x32_1445.png,assets/tilesets/train_station/station/station_ts_light_wall_panels_32x32_1445.png,semantic_proposal
assets/tilesets/train_station/station/station_ts_gk_ts_116_32x32_1446.png,assets/tilesets/train_station/station/station_ts_platform_edge_mixed_32x32_1446.png,semantic_proposal
assets/tilesets/train_station/station/station_ts_gk_ts_117_32x32_1447.png,assets/tilesets/train_station/station/station_ts_light_wall_panels_32x32_1447.png,semantic_proposal
assets/tilesets/train_station/station/station_ts_gk_ts_118_32x32_1448.png,assets/tilesets/train_station/station/station_ts_platform_edge_mixed_32x32_1448.png,semantic_proposal
assets/tilesets/train_station/station/station_ts_gk_ts_119_32x32_1449.png,assets/tilesets/train_station/station/station_ts_platform_edge_mixed_32x32_1449.png,semantic_proposal
assets/tilesets/train_station/station/station_ts_gk_ts_120_32x32_1450.png,assets/tilesets/train_station/station/station_ts_light_wall_panels_32x32_1450.png,semantic_proposal
assets/tilesets/train_station/station/station_ts_gk_ts_121_32x32_1451.png,assets/tilesets/train_station/station/station_ts_bushes_cluster_32x32_1451.png,semantic_proposal
assets/tilesets/train_station/station/station_ts_gk_ts_122_32x32_1452.png,assets/tilesets/train_station/station/station_ts_platform_edge_mixed_32x32_1452.png,semantic_proposal
assets/tilesets/train_station/station/station_ts_gk_ts_123_32x32_1453.png,assets/tilesets/train_station/station/station_ts_platform_edge_mixed_32x32_1453.png,semantic_proposal
assets/tilesets/train_station/station/station_ts_gk_ts_124_32x32_1454.png,assets/tilesets/train_station/station/station_ts_platform_edge_mixed_32x32_1454.png,semantic_proposal
assets/tilesets/train_station/station/station_ts_gk_ts_125_32x32_1455.png,assets/tilesets/train_station/station/station_ts_platform_edge_mixed_32x32_1455.png,semantic_proposal
assets/tilesets/train_station/station/station_ts_gk_ts_126_32x32_1456.png,assets/tilesets/train_station/station/station_ts_lamp_and_pole_variants_32x32_1456.png,semantic_proposal
assets/tilesets/train_station/station/station_ts_gk_ts_127_32x32_1457.png,assets/tilesets/train_station/station/station_ts_overhead_cables_32x32_1457.png,semantic_proposal
assets/tilesets/train_station/station/station_ts_gk_ts_128_32x32_1458.png,assets/tilesets/train_station/station/station_ts_overhead_cables_32x32_1458.png,semantic_proposal
assets/tilesets/train_station/station/station_ts_gk_ts_129_32x32_1459.png,assets/tilesets/train_station/station/station_ts_foliage_ground_detail_32x32_1459.png,semantic_proposal
assets/tilesets/train_station/station/station_ts_gk_ts_130_32x32_1460.png,assets/tilesets/train_station/station/station_ts_bird_sprites_32x32_1460.png,semantic_proposal
assets/tilesets/train_station/station/station_ts_gk_ts_131_32x32_1461.png,assets/tilesets/train_station/station/station_ts_shrubs_cluster_32x32_1461.png,semantic_proposal
assets/tilesets/train_station/station/station_ts_gk_ts_132_32x32_1462.png,assets/tilesets/train_station/station/station_ts_bushes_cluster_32x32_1462.png,semantic_proposal
assets/tilesets/train_station/station/station_ts_gk_ts_133_32x32_1463.png,assets/tilesets/train_station/station/station_ts_platform_objects_mixed_32x32_1463.png,semantic_proposal
assets/tilesets/train_station/station/station_ts_gk_ts_134_32x32_1464.png,assets/tilesets/train_station/station/station_ts_platform_objects_mixed_32x32_1464.png,semantic_proposal
assets/tilesets/train_station/station/station_ts_gk_ts_135_32x32_1465.png,assets/tilesets/train_station/station/station_ts_blue_roof_tiles_32x32_1465.png,semantic_proposal
assets/tilesets/train_station/station/station_ts_gk_ts_136_32x32_1466.png,assets/tilesets/train_station/station/station_ts_blue_roof_tiles_32x32_1466.png,semantic_proposal
assets/tilesets/train_station/station/station_ts_gk_ts_137_32x32_1467.png,assets/tilesets/train_station/station/station_ts_glass_canopy_segments_32x32_1467.png,semantic_proposal
assets/tilesets/train_station/station/station_ts_gk_ts_138_32x32_1468.png,assets/tilesets/train_station/station/station_ts_blue_roof_tiles_32x32_1468.png,semantic_proposal
assets/tilesets/train_station/station/station_ts_gk_ts_139_32x32_1469.png,assets/tilesets/train_station/station/station_ts_foliage_ground_detail_32x32_1469.png,semantic_proposal
assets/tilesets/train_station/station/station_ts_gk_ts_140_32x32_1470.png,assets/tilesets/train_station/station/station_ts_shrubs_cluster_32x32_1470.png,semantic_proposal
assets/tilesets/train_station/station/station_ts_gk_ts_141_32x32_1471.png,assets/tilesets/train_station/station/station_ts_shrubs_cluster_32x32_1471.png,semantic_proposal
assets/tilesets/train_station/station/station_ts_gk_ts_142_32x32_1472.png,assets/tilesets/train_station/station/station_ts_shrubs_cluster_32x32_1472.png,semantic_proposal
assets/tilesets/train_station/station/station_ts_gk_ts_143_32x32_1473.png,assets/tilesets/train_station/station/station_ts_shrubs_cluster_32x32_1473.png,semantic_proposal
assets/tilesets/train_station/station/station_ts_gk_ts_144_32x32_1474.png,assets/tilesets/train_station/station/station_ts_station_accessory_mixed_32x32_1474.png,semantic_proposal
assets/tilesets/train_station/station/station_ts_gk_ts_145_32x32_1475.png,assets/tilesets/train_station/station/station_ts_terrain_grass_patches_32x32_1475.png,semantic_proposal
assets/tilesets/train_station/station/station_ts_gk_ts_146_32x32_1476.png,assets/tilesets/train_station/station/station_ts_station_accessory_mixed_32x32_1476.png,semantic_proposal
assets/tilesets/train_station/station/station_ts_gk_ts_147_32x32_1477.png,assets/tilesets/train_station/station/station_ts_platform_edge_mixed_32x32_1477.png,semantic_proposal
assets/tilesets/train_station/station/station_ts_gk_ts_148_32x32_1478.png,assets/tilesets/train_station/station/station_ts_platform_edge_mixed_32x32_1478.png,semantic_proposal
assets/tilesets/train_station/station/station_ts_gk_ts_149_32x32_1479.png,assets/tilesets/train_station/station/station_ts_platform_edge_mixed_32x32_1479.png,semantic_proposal
assets/tilesets/train_station/station/station_ts_gk_ts_150_32x32_1480.png,assets/tilesets/train_station/station/station_ts_platform_edge_mixed_32x32_1480.png,semantic_proposal
assets/tilesets/train_station/station/station_ts_gk_ts_151_32x32_1481.png,assets/tilesets/train_station/station/station_ts_light_wall_panels_32x32_1481.png,semantic_proposal
assets/tilesets/train_station/station/station_ts_gk_ts_152_32x32_1482.png,assets/tilesets/train_station/station/station_ts_foliage_ground_detail_32x32_1482.png,semantic_proposal
assets/tilesets/train_station/station/station_ts_gk_ts_153_32x32_1483.png,assets/tilesets/train_station/station/station_ts_overhead_cables_32x32_1483.png,semantic_proposal
assets/tilesets/train_station/station/station_ts_gk_ts_154_32x32_1484.png,assets/tilesets/train_station/station/station_ts_overhead_cables_32x32_1484.png,semantic_proposal
assets/tilesets/train_station/station/station_ts_gk_ts_155_32x32_1485.png,assets/tilesets/train_station/station/station_ts_signage_and_poles_32x32_1485.png,semantic_proposal
assets/tilesets/train_station/station/station_ts_gk_ts_156_32x32_1486.png,assets/tilesets/train_station/station/station_ts_light_wall_corners_32x32_1486.png,semantic_proposal
assets/tilesets/train_station/station/station_ts_gk_ts_157_32x32_1487.png,assets/tilesets/train_station/station/station_ts_light_wall_panels_alt_32x32_1487.png,semantic_proposal
assets/tilesets/train_station/station/station_ts_gk_ts_158_32x32_1488.png,assets/tilesets/train_station/station/station_ts_diagonal_wall_edges_32x32_1488.png,semantic_proposal
assets/tilesets/train_station/station/station_ts_gk_ts_159_32x32_1489.png,assets/tilesets/train_station/station/station_ts_lamp_and_pole_variants_32x32_1489.png,semantic_proposal
assets/tilesets/train_station/station/station_ts_gk_ts_160_32x32_1490.png,assets/tilesets/train_station/station/station_ts_shrubs_cluster_32x32_1490.png,semantic_proposal
assets/tilesets/train_station/station/station_ts_gk_ts_161_32x32_1491.png,assets/tilesets/train_station/station/station_ts_shrubs_cluster_32x32_1491.png,semantic_proposal
assets/tilesets/train_station/station/station_ts_gk_ts_162_32x32_1492.png,assets/tilesets/train_station/station/station_ts_shrubs_cluster_32x32_1492.png,semantic_proposal
assets/tilesets/train_station/station/station_ts_gk_ts_163_32x32_1493.png,assets/tilesets/train_station/station/station_ts_shrubs_cluster_32x32_1493.png,semantic_proposal
assets/tilesets/train_station/station/station_ts_gk_ts_164_32x32_1494.png,assets/tilesets/train_station/station/station_ts_foliage_ground_detail_32x32_1494.png,semantic_proposal
assets/tilesets/train_station/station/station_ts_gk_ts_165_32x32_1495.png,assets/tilesets/train_station/station/station_ts_foliage_ground_detail_32x32_1495.png,semantic_proposal
assets/tilesets/train_station/station/station_ts_gk_ts_166_32x32_1496.png,assets/tilesets/train_station/station/station_ts_foliage_ground_detail_32x32_1496.png,semantic_proposal
assets/tilesets/train_station/station/station_ts_gk_ts_167_32x32_1497.png,assets/tilesets/train_station/station/station_ts_bird_sprites_32x32_1497.png,semantic_proposal
assets/tilesets/train_station/station/station_ts_gk_ts_168_32x32_1498.png,assets/tilesets/train_station/station/station_ts_bird_sprites_32x32_1498.png,semantic_proposal
assets/tilesets/train_station/station/station_ts_gk_ts_169_32x32_1499.png,assets/tilesets/train_station/station/station_ts_shrubs_cluster_32x32_1499.png,semantic_proposal
assets/tilesets/train_station/station/station_ts_gk_ts_170_32x32_1500.png,assets/tilesets/train_station/station/station_ts_shrubs_cluster_32x32_1500.png,semantic_proposal
assets/tilesets/train_station/station/station_ts_gk_ts_171_32x32_1501.png,assets/tilesets/train_station/station/station_ts_shrubs_cluster_32x32_1501.png,semantic_proposal
assets/tilesets/train_station/station/station_ts_gk_ts_172_32x32_1502.png,assets/tilesets/train_station/station/station_ts_shrubs_cluster_32x32_1502.png,semantic_proposal
assets/tilesets/train_station/station/station_ts_gk_ts_173_32x32_1503.png,assets/tilesets/train_station/station/station_ts_light_wall_panels_alt_32x32_1503.png,semantic_proposal
assets/tilesets/train_station/station/station_ts_gk_ts_174_32x32_1504.png,assets/tilesets/train_station/station/station_ts_light_wall_panels_alt_32x32_1504.png,semantic_proposal
assets/tilesets/train_station/station/station_ts_gk_ts_175_32x32_1505.png,assets/tilesets/train_station/station/station_ts_light_wall_panels_alt_32x32_1505.png,semantic_proposal
assets/tilesets/train_station/station/station_ts_gk_ts_176_32x32_1506.png,assets/tilesets/train_station/station/station_ts_light_wall_panels_alt_32x32_1506.png,semantic_proposal
assets/tilesets/train_station/station/station_ts_gk_ts_177_32x32_1507.png,assets/tilesets/train_station/station/station_ts_light_wall_panels_alt_32x32_1507.png,semantic_proposal
assets/tilesets/train_station/station/station_ts_gk_ts_178_32x32_1508.png,assets/tilesets/train_station/station/station_ts_light_wall_panels_32x32_1508.png,semantic_proposal
assets/tilesets/train_station/station/station_ts_gk_ts_179_32x32_1509.png,assets/tilesets/train_station/station/station_ts_light_wall_panels_32x32_1509.png,semantic_proposal
assets/tilesets/train_station/station/station_ts_gk_ts_180_32x32_1510.png,assets/tilesets/train_station/station/station_ts_foliage_ground_detail_32x32_1510.png,semantic_proposal
assets/tilesets/train_station/station/station_ts_gk_ts_181_32x32_1511.png,assets/tilesets/train_station/station/station_ts_overhead_cables_32x32_1511.png,semantic_proposal
assets/tilesets/train_station/station/station_ts_gk_ts_182_32x32_1512.png,assets/tilesets/train_station/station/station_ts_signage_and_poles_32x32_1512.png,semantic_proposal
assets/tilesets/train_station/station/station_ts_gk_ts_183_32x32_1513.png,assets/tilesets/train_station/station/station_ts_station_accessory_mixed_32x32_1513.png,semantic_proposal
assets/tilesets/train_station/station/station_ts_gk_ts_184_32x32_1514.png,assets/tilesets/train_station/station/station_ts_station_accessory_mixed_32x32_1514.png,semantic_proposal
assets/tilesets/train_station/station/station_ts_gk_ts_185_32x32_1515.png,assets/tilesets/train_station/station/station_ts_bird_sprites_32x32_1515.png,semantic_proposal
assets/tilesets/train_station/station/station_ts_gk_ts_186_32x32_1516.png,assets/tilesets/train_station/station/station_ts_station_accessory_mixed_32x32_1516.png,semantic_proposal
assets/tilesets/train_station/station/station_ts_gk_ts_187_32x32_1517.png,assets/tilesets/train_station/station/station_ts_station_accessory_mixed_32x32_1517.png,semantic_proposal
assets/tilesets/train_station/station/station_ts_gk_ts_188_32x32_1518.png,assets/tilesets/train_station/station/station_ts_station_accessory_mixed_32x32_1518.png,semantic_proposal
assets/tilesets/train_station/station/station_ts_gk_ts_189_32x32_1519.png,assets/tilesets/train_station/station/station_ts_station_accessory_mixed_32x32_1519.png,semantic_proposal
assets/tilesets/train_station/station/station_ts_gk_ts_190_32x32_1520.png,assets/tilesets/train_station/station/station_ts_station_accessory_mixed_32x32_1520.png,semantic_proposal
assets/tilesets/train_station/station/station_ts_gk_ts_191_32x32_1521.png,assets/tilesets/train_station/station/station_ts_station_accessory_mixed_32x32_1521.png,semantic_proposal
assets/tilesets/train_station/station/station_ts_gk_ts_192_32x32_1522.png,assets/tilesets/train_station/station/station_ts_station_accessory_mixed_32x32_1522.png,semantic_proposal
assets/tilesets/train_station/station/station_ts_gk_ts_193_32x32_1523.png,assets/tilesets/train_station/station/station_ts_station_accessory_mixed_32x32_1523.png,semantic_proposal
assets/tilesets/train_station/station/station_ts_gk_ts_194_32x32_1524.png,assets/tilesets/train_station/station/station_ts_station_accessory_mixed_32x32_1524.png,semantic_proposal
assets/tilesets/train_station/station/station_ts_gk_ts_195_32x32_1525.png,assets/tilesets/train_station/station/station_ts_terrain_grass_patches_32x32_1525.png,semantic_proposal
assets/tilesets/train_station/station/station_ts_gk_ts_196_32x32_1526.png,assets/tilesets/train_station/station/station_ts_terrain_grass_patches_32x32_1526.png,semantic_proposal
assets/tilesets/train_station/station/station_ts_gk_ts_197_32x32_1527.png,assets/tilesets/train_station/station/character_ts_dog_sitting_32x32_1527.png,semantic_proposal
assets/tilesets/train_station/station/station_ts_gk_ts_198_32x32_1528.png,assets/tilesets/train_station/station/character_ts_dog_sitting_32x32_1528.png,semantic_proposal
assets/tilesets/train_station/station/station_ts_gk_ts_199_32x32_1529.png,assets/tilesets/train_station/station/character_ts_dog_sitting_32x32_1529.png,semantic_proposal
assets/tilesets/train_station/station/station_ts_gk_ts_200_32x32_1530.png,assets/tilesets/train_station/station/character_ts_dog_sitting_32x32_1530.png,semantic_proposal
assets/tilesets/train_station/station/station_ts_gk_ts_201_32x32_1531.png,assets/tilesets/train_station/station/character_ts_dog_sitting_32x32_1531.png,semantic_proposal
assets/tilesets/train_station/station/station_ts_gk_ts_202_32x32_1532.png,assets/tilesets/train_station/station/character_ts_dog_sitting_32x32_1532.png,semantic_proposal
assets/tilesets/train_station/station/station_ts_gk_ts_203_32x32_1533.png,assets/tilesets/train_station/station/character_ts_dog_sitting_32x32_1533.png,semantic_proposal
assets/tilesets/train_station/station/station_ts_gk_ts_204_32x32_1534.png,assets/tilesets/train_station/station/character_ts_dog_sitting_32x32_1534.png,semantic_proposal
assets/tilesets/train_station/station/station_ts_gk_ts_205_32x32_1535.png,assets/tilesets/train_station/station/station_ts_blue_roof_tiles_32x32_1535.png,semantic_proposal
assets/tilesets/train_station/station/station_ts_gk_ts_206_32x32_1536.png,assets/tilesets/train_station/station/station_ts_platform_edge_mixed_32x32_1536.png,semantic_proposal
assets/tilesets/train_station/station/station_ts_gk_ts_207_32x32_1537.png,assets/tilesets/train_station/station/station_ts_platform_edge_mixed_32x32_1537.png,semantic_proposal
assets/tilesets/train_station/station/station_ts_gk_ts_208_32x32_1538.png,assets/tilesets/train_station/station/station_ts_platform_edge_mixed_32x32_1538.png,semantic_proposal
assets/tilesets/train_station/station/station_ts_gk_ts_209_32x32_1539.png,assets/tilesets/train_station/station/station_ts_platform_edge_mixed_32x32_1539.png,semantic_proposal
assets/tilesets/train_station/station/station_ts_gk_ts_210_32x32_1540.png,assets/tilesets/train_station/station/station_ts_platform_edge_mixed_32x32_1540.png,semantic_proposal
assets/tilesets/train_station/station/station_ts_gk_ts_211_32x32_1541.png,assets/tilesets/train_station/station/station_ts_platform_edge_mixed_32x32_1541.png,semantic_proposal
assets/tilesets/train_station/station/station_ts_gk_ts_212_32x32_1542.png,assets/tilesets/train_station/station/station_ts_signage_and_poles_32x32_1542.png,semantic_proposal
assets/tilesets/train_station/station/station_ts_gk_ts_213_32x32_1543.png,assets/tilesets/train_station/station/station_ts_overhead_cables_32x32_1543.png,semantic_proposal
assets/tilesets/train_station/station/station_ts_gk_ts_214_32x32_1544.png,assets/tilesets/train_station/station/station_ts_signage_and_poles_32x32_1544.png,semantic_proposal
assets/tilesets/train_station/station/station_ts_gk_ts_215_32x32_1545.png,assets/tilesets/train_station/station/station_ts_station_accessory_mixed_32x32_1545.png,semantic_proposal
assets/tilesets/train_station/station/station_ts_gk_ts_216_32x32_1546.png,assets/tilesets/train_station/station/station_ts_station_accessory_mixed_32x32_1546.png,semantic_proposal
assets/tilesets/train_station/station/station_ts_gk_ts_217_32x32_1547.png,assets/tilesets/train_station/station/station_ts_signage_and_poles_32x32_1547.png,semantic_proposal
assets/tilesets/train_station/station/station_ts_gk_ts_218_32x32_1548.png,assets/tilesets/train_station/station/station_ts_glass_canopy_segments_32x32_1548.png,semantic_proposal
assets/tilesets/train_station/station/station_ts_gk_ts_219_32x32_1549.png,assets/tilesets/train_station/station/station_ts_glass_canopy_segments_32x32_1549.png,semantic_proposal
assets/tilesets/train_station/station/station_ts_gk_ts_220_32x32_1550.png,assets/tilesets/train_station/station/station_ts_glass_canopy_segments_32x32_1550.png,semantic_proposal
assets/tilesets/train_station/station/station_ts_gk_ts_221_32x32_1551.png,assets/tilesets/train_station/station/station_ts_glass_canopy_segments_32x32_1551.png,semantic_proposal
assets/tilesets/train_station/station/station_ts_gk_ts_222_32x32_1552.png,assets/tilesets/train_station/station/station_ts_glass_canopy_segments_32x32_1552.png,semantic_proposal
assets/tilesets/train_station/station/station_ts_gk_ts_223_32x32_1553.png,assets/tilesets/train_station/station/station_ts_glass_canopy_segments_32x32_1553.png,semantic_proposal
assets/tilesets/train_station/station/station_ts_gk_ts_224_32x32_1554.png,assets/tilesets/train_station/station/station_ts_glass_canopy_segments_32x32_1554.png,semantic_proposal
assets/tilesets/train_station/station/station_ts_gk_ts_225_32x32_1555.png,assets/tilesets/train_station/station/station_ts_foliage_ground_detail_32x32_1555.png,semantic_proposal
assets/tilesets/train_station/station/station_ts_gk_ts_226_32x32_1556.png,assets/tilesets/train_station/station/station_ts_terrain_slope_edges_32x32_1556.png,semantic_proposal
assets/tilesets/train_station/station/station_ts_gk_ts_227_32x32_1557.png,assets/tilesets/train_station/station/station_ts_platform_edge_mixed_32x32_1557.png,semantic_proposal
assets/tilesets/train_station/station/station_ts_gk_ts_228_32x32_1558.png,assets/tilesets/train_station/station/station_ts_terrain_grass_patches_32x32_1558.png,semantic_proposal
assets/tilesets/train_station/station/station_ts_gk_ts_229_32x32_1559.png,assets/tilesets/train_station/station/station_ts_terrain_grass_patches_32x32_1559.png,semantic_proposal
assets/tilesets/train_station/station/station_ts_gk_ts_230_32x32_1560.png,assets/tilesets/train_station/station/station_ts_terrain_grass_patches_32x32_1560.png,semantic_proposal
assets/tilesets/train_station/station/station_ts_gk_ts_231_32x32_1561.png,assets/tilesets/train_station/station/station_ts_station_accessory_mixed_32x32_1561.png,semantic_proposal
assets/tilesets/train_station/station/station_ts_gk_ts_232_32x32_1562.png,assets/tilesets/train_station/station/station_ts_terrain_grass_patches_32x32_1562.png,semantic_proposal
assets/tilesets/train_station/station/station_ts_gk_ts_233_32x32_1563.png,assets/tilesets/train_station/station/station_ts_terrain_grass_patches_32x32_1563.png,semantic_proposal
assets/tilesets/train_station/station/station_ts_gk_ts_234_32x32_1564.png,assets/tilesets/train_station/station/station_ts_bushes_cluster_32x32_1564.png,semantic_proposal
assets/tilesets/train_station/station/station_ts_gk_ts_235_32x32_1565.png,assets/tilesets/train_station/station/station_ts_bushes_cluster_32x32_1565.png,semantic_proposal
assets/tilesets/train_station/station/station_ts_gk_ts_236_32x32_1566.png,assets/tilesets/train_station/station/station_ts_bushes_cluster_32x32_1566.png,semantic_proposal
assets/tilesets/train_station/station/station_ts_gk_ts_237_32x32_1567.png,assets/tilesets/train_station/station/station_ts_bushes_cluster_32x32_1567.png,semantic_proposal
assets/tilesets/train_station/station/station_ts_gk_ts_238_32x32_1568.png,assets/tilesets/train_station/station/station_ts_bushes_cluster_32x32_1568.png,semantic_proposal
assets/tilesets/train_station/station/station_ts_gk_ts_239_32x32_1569.png,assets/tilesets/train_station/station/station_ts_bushes_cluster_32x32_1569.png,semantic_proposal
assets/tilesets/train_station/station/station_ts_gk_ts_240_32x32_1570.png,assets/tilesets/train_station/station/station_ts_bushes_cluster_32x32_1570.png,semantic_proposal
assets/tilesets/train_station/station/station_ts_gk_ts_241_32x32_1571.png,assets/tilesets/train_station/station/station_ts_bushes_cluster_32x32_1571.png,semantic_proposal
assets/tilesets/train_station/station/station_ts_gk_ts_242_32x32_1572.png,assets/tilesets/train_station/station/station_ts_bushes_cluster_32x32_1572.png,semantic_proposal
assets/tilesets/train_station/station/station_ts_gk_ts_243_32x32_1573.png,assets/tilesets/train_station/station/station_ts_bushes_cluster_32x32_1573.png,semantic_proposal
assets/tilesets/train_station/station/station_ts_gk_ts_244_32x32_1574.png,assets/tilesets/train_station/station/station_ts_bushes_cluster_32x32_1574.png,semantic_proposal
assets/tilesets/train_station/station/station_ts_gk_ts_245_32x32_1575.png,assets/tilesets/train_station/station/station_ts_bushes_cluster_32x32_1575.png,semantic_proposal
assets/tilesets/train_station/station/station_ts_gk_ts_246_32x32_1576.png,assets/tilesets/train_station/station/station_ts_light_wall_panels_alt_32x32_1576.png,semantic_proposal
assets/tilesets/train_station/station/station_ts_gk_ts_247_32x32_1577.png,assets/tilesets/train_station/station/station_ts_light_wall_panels_alt_32x32_1577.png,semantic_proposal
assets/tilesets/train_station/station/station_ts_gk_ts_248_32x32_1578.png,assets/tilesets/train_station/station/station_ts_platform_edge_mixed_32x32_1578.png,semantic_proposal
assets/tilesets/train_station/station/station_ts_gk_ts_249_32x32_1579.png,assets/tilesets/train_station/station/station_ts_platform_edge_mixed_32x32_1579.png,semantic_proposal
assets/tilesets/train_station/station/station_ts_gk_ts_250_32x32_1580.png,assets/tilesets/train_station/station/station_ts_platform_edge_mixed_32x32_1580.png,semantic_proposal
assets/tilesets/train_station/station/station_ts_gk_ts_251_32x32_1581.png,assets/tilesets/train_station/station/station_ts_platform_edge_mixed_32x32_1581.png,semantic_proposal
assets/tilesets/train_station/station/station_ts_gk_ts_252_32x32_1582.png,assets/tilesets/train_station/station/station_ts_foliage_ground_detail_32x32_1582.png,semantic_proposal
assets/tilesets/train_station/station/station_ts_gk_ts_253_32x32_1583.png,assets/tilesets/train_station/station/station_ts_foliage_ground_detail_32x32_1583.png,semantic_proposal
assets/tilesets/train_station/station/station_ts_gk_ts_254_32x32_1584.png,assets/tilesets/train_station/station/station_ts_grass_and_slope_small_32x32_1584.png,semantic_proposal
assets/tilesets/train_station/station/station_ts_gk_ts_255_32x32_1585.png,assets/tilesets/train_station/station/station_ts_glass_canopy_segments_32x32_1585.png,semantic_proposal
assets/tilesets/train_station/station/station_ts_gk_ts_256_32x32_1586.png,assets/tilesets/train_station/station/station_ts_foliage_ground_detail_32x32_1586.png,semantic_proposal
assets/tilesets/train_station/station/station_ts_gk_ts_257_32x32_1587.png,assets/tilesets/train_station/station/station_ts_lamp_and_pole_variants_32x32_1587.png,semantic_proposal
assets/tilesets/train_station/station/station_ts_gk_ts_258_32x32_1588.png,assets/tilesets/train_station/station/station_ts_foliage_ground_detail_32x32_1588.png,semantic_proposal
assets/tilesets/train_station/station/station_ts_gk_ts_259_32x32_1589.png,assets/tilesets/train_station/station/station_ts_lamp_and_pole_variants_32x32_1589.png,semantic_proposal
assets/tilesets/train_station/station/station_ts_gk_ts_260_32x32_1590.png,assets/tilesets/train_station/station/station_ts_foliage_ground_detail_32x32_1590.png,semantic_proposal
assets/tilesets/train_station/station/station_ts_gk_ts_261_32x32_1591.png,assets/tilesets/train_station/station/station_ts_foliage_ground_detail_32x32_1591.png,semantic_proposal
assets/tilesets/train_station/station/station_ts_gk_ts_262_32x32_1592.png,assets/tilesets/train_station/station/station_ts_blue_roof_tiles_32x32_1592.png,semantic_proposal
assets/tilesets/train_station/station/station_ts_gk_ts_263_32x32_1593.png,assets/tilesets/train_station/station/station_ts_station_accessory_mixed_32x32_1593.png,semantic_proposal
assets/tilesets/train_station/station/station_ts_gk_ts_264_32x32_1594.png,assets/tilesets/train_station/station/station_ts_terrain_slope_edges_32x32_1594.png,semantic_proposal
assets/tilesets/train_station/station/station_ts_gk_ts_265_32x32_1595.png,assets/tilesets/train_station/station/station_ts_terrain_grass_patches_32x32_1595.png,semantic_proposal
assets/tilesets/train_station/station/station_ts_gk_ts_266_32x32_1596.png,assets/tilesets/train_station/station/station_ts_terrain_grass_patches_32x32_1596.png,semantic_proposal
assets/tilesets/train_station/station/station_ts_gk_ts_267_32x32_1597.png,assets/tilesets/train_station/station/station_ts_platform_edge_mixed_32x32_1597.png,semantic_proposal
assets/tilesets/train_station/station/station_ts_gk_ts_268_32x32_1598.png,assets/tilesets/train_station/station/station_ts_foliage_ground_detail_32x32_1598.png,semantic_proposal
assets/tilesets/train_station/station/station_ts_gk_ts_269_32x32_1599.png,assets/tilesets/train_station/station/station_ts_foliage_ground_detail_32x32_1599.png,semantic_proposal
assets/tilesets/train_station/station/station_ts_gk_ts_270_32x32_1600.png,assets/tilesets/train_station/station/station_ts_foliage_ground_detail_32x32_1600.png,semantic_proposal
assets/tilesets/train_station/station/station_ts_gk_ts_271_32x32_1601.png,assets/tilesets/train_station/station/station_ts_foliage_ground_detail_32x32_1601.png,semantic_proposal
assets/tilesets/train_station/station/station_ts_gk_ts_272_32x32_1602.png,assets/tilesets/train_station/station/station_ts_foliage_ground_detail_32x32_1602.png,semantic_proposal
assets/tilesets/train_station/station/station_ts_gk_ts_273_32x32_1603.png,assets/tilesets/train_station/station/station_ts_foliage_ground_detail_32x32_1603.png,semantic_proposal
assets/tilesets/train_station/station/station_ts_gk_ts_274_32x32_1604.png,assets/tilesets/train_station/station/station_ts_foliage_ground_detail_32x32_1604.png,semantic_proposal
assets/tilesets/train_station/station/station_ts_gk_ts_275_32x32_1605.png,assets/tilesets/train_station/station/station_ts_foliage_ground_detail_32x32_1605.png,semantic_proposal
assets/tilesets/train_station/station/station_ts_gk_ts_276_32x32_1606.png,assets/tilesets/train_station/station/station_ts_foliage_ground_detail_32x32_1606.png,semantic_proposal
assets/tilesets/train_station/station/station_ts_gk_ts_277_32x32_1607.png,assets/tilesets/train_station/station/station_ts_foliage_ground_detail_32x32_1607.png,semantic_proposal
assets/tilesets/train_station/station/station_ts_gk_ts_278_32x32_1608.png,assets/tilesets/train_station/station/station_ts_foliage_ground_detail_32x32_1608.png,semantic_proposal
assets/tilesets/train_station/station/station_ts_gk_ts_279_32x32_1609.png,assets/tilesets/train_station/station/station_ts_foliage_ground_detail_32x32_1609.png,semantic_proposal
assets/tilesets/train_station/station/station_ts_gk_ts_280_32x32_1610.png,assets/tilesets/train_station/station/station_ts_light_wall_panels_32x32_1610.png,semantic_proposal
assets/tilesets/train_station/station/station_ts_gk_ts_281_32x32_1611.png,assets/tilesets/train_station/station/station_ts_light_wall_panels_32x32_1611.png,semantic_proposal
assets/tilesets/train_station/station/station_ts_gk_ts_282_32x32_1612.png,assets/tilesets/train_station/station/station_ts_platform_edge_mixed_32x32_1612.png,semantic_proposal
assets/tilesets/train_station/station/station_ts_gk_ts_283_32x32_1613.png,assets/tilesets/train_station/station/station_ts_platform_edge_mixed_32x32_1613.png,semantic_proposal
assets/tilesets/train_station/station/station_ts_gk_ts_284_32x32_1614.png,assets/tilesets/train_station/station/station_ts_platform_edge_mixed_32x32_1614.png,semantic_proposal
assets/tilesets/train_station/station/station_ts_gk_ts_285_32x32_1615.png,assets/tilesets/train_station/station/station_ts_terrain_slope_edges_32x32_1615.png,semantic_proposal
assets/tilesets/train_station/station/station_ts_gk_ts_291_32x32_1621.png,assets/tilesets/train_station/station/station_ts_signage_and_poles_32x32_1621.png,semantic_proposal
assets/tilesets/train_station/station/station_ts_gk_ts_292_32x32_1622.png,assets/tilesets/train_station/station/station_ts_signage_and_poles_32x32_1622.png,semantic_proposal
assets/tilesets/train_station/station/station_ts_gk_ts_293_32x32_1623.png,assets/tilesets/train_station/station/station_ts_shrubs_cluster_32x32_1623.png,semantic_proposal
assets/tilesets/train_station/station/station_ts_gk_ts_294_32x32_1624.png,assets/tilesets/train_station/station/station_ts_pavement_beige_tiles_32x32_1624.png,semantic_proposal
assets/tilesets/train_station/station/station_ts_gk_ts_295_32x32_1625.png,assets/tilesets/train_station/station/station_ts_pavement_beige_tiles_32x32_1625.png,semantic_proposal
assets/tilesets/train_station/station/station_ts_gk_ts_296_32x32_1626.png,assets/tilesets/train_station/station/station_ts_pavement_beige_tiles_32x32_1626.png,semantic_proposal
assets/tilesets/train_station/station/station_ts_gk_ts_297_32x32_1627.png,assets/tilesets/train_station/station/station_ts_pavement_beige_tiles_32x32_1627.png,semantic_proposal
assets/tilesets/train_station/station/station_ts_gk_ts_298_32x32_1628.png,assets/tilesets/train_station/station/station_ts_pavement_beige_tiles_32x32_1628.png,semantic_proposal
assets/tilesets/train_station/station/station_ts_gk_ts_299_32x32_1629.png,assets/tilesets/train_station/station/station_ts_pavement_beige_tiles_32x32_1629.png,semantic_proposal
assets/tilesets/train_station/station/station_ts_gk_ts_300_32x32_1630.png,assets/tilesets/train_station/station/station_ts_terrain_grass_patches_32x32_1630.png,semantic_proposal
assets/tilesets/train_station/station/station_ts_gk_ts_301_32x32_1631.png,assets/tilesets/train_station/station/station_ts_terrain_grass_patches_32x32_1631.png,semantic_proposal
assets/tilesets/train_station/station/station_ts_gk_ts_302_32x32_1632.png,assets/tilesets/train_station/station/station_ts_terrain_grass_patches_32x32_1632.png,semantic_proposal
assets/tilesets/train_station/station/station_ts_gk_ts_303_32x32_1633.png,assets/tilesets/train_station/station/station_ts_platform_edge_mixed_32x32_1633.png,semantic_proposal
assets/tilesets/train_station/station/station_ts_gk_ts_304_32x32_1634.png,assets/tilesets/train_station/station/station_ts_blue_roof_tiles_32x32_1634.png,semantic_proposal
assets/tilesets/train_station/station/station_ts_gk_ts_305_32x32_1635.png,assets/tilesets/train_station/station/station_ts_shrubs_cluster_32x32_1635.png,semantic_proposal
assets/tilesets/train_station/station/station_ts_gk_ts_306_32x32_1636.png,assets/tilesets/train_station/station/station_ts_shrubs_cluster_32x32_1636.png,semantic_proposal
assets/tilesets/train_station/station/station_ts_gk_ts_307_32x32_1637.png,assets/tilesets/train_station/station/station_ts_shrubs_cluster_32x32_1637.png,semantic_proposal
assets/tilesets/train_station/station/station_ts_gk_ts_308_32x32_1638.png,assets/tilesets/train_station/station/station_ts_light_wall_corners_32x32_1638.png,semantic_proposal
assets/tilesets/train_station/station/station_ts_gk_ts_309_32x32_1639.png,assets/tilesets/train_station/station/station_ts_diagonal_wall_edges_32x32_1639.png,semantic_proposal
assets/tilesets/train_station/station/station_ts_gk_ts_310_32x32_1640.png,assets/tilesets/train_station/station/station_ts_platform_edge_mixed_32x32_1640.png,semantic_proposal
assets/tilesets/train_station/station/station_ts_gk_ts_311_32x32_1641.png,assets/tilesets/train_station/station/station_ts_terrain_slope_edges_32x32_1641.png,semantic_proposal
assets/tilesets/train_station/station/station_ts_gk_ts_312_32x32_1642.png,assets/tilesets/train_station/station/station_ts_platform_objects_mixed_32x32_1642.png,semantic_proposal
assets/tilesets/train_station/station/station_ts_gk_ts_313_32x32_1643.png,assets/tilesets/train_station/station/station_ts_platform_objects_mixed_32x32_1643.png,semantic_proposal
assets/tilesets/train_station/station/station_ts_gk_ts_314_32x32_1644.png,assets/tilesets/train_station/station/station_ts_platform_objects_mixed_32x32_1644.png,semantic_proposal
assets/tilesets/train_station/station/station_ts_gk_ts_315_32x32_1645.png,assets/tilesets/train_station/station/station_ts_platform_objects_mixed_32x32_1645.png,semantic_proposal
assets/tilesets/train_station/station/station_ts_gk_ts_316_32x32_1646.png,assets/tilesets/train_station/station/station_ts_platform_objects_mixed_32x32_1646.png,semantic_proposal
assets/tilesets/train_station/station/station_ts_gk_ts_317_32x32_1647.png,assets/tilesets/train_station/station/station_ts_foliage_ground_detail_32x32_1647.png,semantic_proposal
assets/tilesets/train_station/station/station_ts_gk_ts_318_32x32_1648.png,assets/tilesets/train_station/station/station_ts_foliage_ground_detail_32x32_1648.png,semantic_proposal
assets/tilesets/train_station/station/station_ts_gk_ts_319_32x32_1649.png,assets/tilesets/train_station/station/station_ts_platform_objects_mixed_32x32_1649.png,semantic_proposal
assets/tilesets/train_station/station/station_ts_gk_ts_320_32x32_1650.png,assets/tilesets/train_station/station/station_ts_platform_objects_mixed_32x32_1650.png,semantic_proposal
assets/tilesets/train_station/station/station_ts_gk_ts_321_32x32_1651.png,assets/tilesets/train_station/station/station_ts_glass_canopy_segments_32x32_1651.png,semantic_proposal
assets/tilesets/train_station/station/station_ts_gk_ts_322_32x32_1652.png,assets/tilesets/train_station/station/station_ts_blue_roof_tiles_32x32_1652.png,semantic_proposal
assets/tilesets/train_station/station/station_ts_gk_ts_323_32x32_1653.png,assets/tilesets/train_station/station/station_ts_terrain_grass_patches_32x32_1653.png,semantic_proposal
assets/tilesets/train_station/station/station_ts_gk_ts_324_32x32_1654.png,assets/tilesets/train_station/station/station_ts_terrain_grass_patches_32x32_1654.png,semantic_proposal
assets/tilesets/train_station/station/station_ts_gk_ts_325_32x32_1655.png,assets/tilesets/train_station/station/station_ts_terrain_grass_patches_32x32_1655.png,semantic_proposal
assets/tilesets/train_station/station/station_ts_gk_ts_326_32x32_1656.png,assets/tilesets/train_station/station/station_ts_terrain_grass_patches_32x32_1656.png,semantic_proposal
assets/tilesets/train_station/station/station_ts_gk_ts_327_32x32_1657.png,assets/tilesets/train_station/station/station_ts_terrain_grass_patches_32x32_1657.png,semantic_proposal
assets/tilesets/train_station/station/station_ts_gk_ts_328_32x32_1658.png,assets/tilesets/train_station/station/station_ts_shrubs_cluster_32x32_1658.png,semantic_proposal
assets/tilesets/train_station/station/station_ts_gk_ts_329_32x32_1659.png,assets/tilesets/train_station/station/station_ts_shrubs_cluster_32x32_1659.png,semantic_proposal
assets/tilesets/train_station/station/station_ts_gk_ts_330_32x32_1660.png,assets/tilesets/train_station/station/station_ts_shrubs_cluster_32x32_1660.png,semantic_proposal
assets/tilesets/train_station/station/station_ts_gk_ts_331_32x32_1661.png,assets/tilesets/train_station/station/station_ts_shrubs_cluster_32x32_1661.png,semantic_proposal
assets/tilesets/train_station/station/station_ts_gk_ts_332_32x32_1662.png,assets/tilesets/train_station/station/station_ts_terrain_grass_patches_32x32_1662.png,semantic_proposal
assets/tilesets/train_station/station/station_ts_gk_ts_333_32x32_1663.png,assets/tilesets/train_station/station/station_ts_terrain_grass_patches_32x32_1663.png,semantic_proposal
assets/tilesets/train_station/station/station_ts_gk_ts_339_32x32_1669.png,assets/tilesets/train_station/station/station_ts_terrain_grass_patches_32x32_1669.png,semantic_proposal
assets/tilesets/train_station/station/station_ts_gk_ts_340_32x32_1670.png,assets/tilesets/train_station/station/station_ts_terrain_grass_patches_32x32_1670.png,semantic_proposal
assets/tilesets/train_station/station/station_ts_gk_ts_341_32x32_1671.png,assets/tilesets/train_station/station/station_ts_terrain_grass_patches_32x32_1671.png,semantic_proposal
assets/tilesets/train_station/station/station_ts_gk_ts_342_32x32_1672.png,assets/tilesets/train_station/station/station_ts_terrain_grass_patches_32x32_1672.png,semantic_proposal
assets/tilesets/train_station/station/station_ts_gk_ts_343_32x32_1673.png,assets/tilesets/train_station/station/station_ts_terrain_grass_patches_32x32_1673.png,semantic_proposal
assets/tilesets/train_station/station/station_ts_gk_ts_344_32x32_1674.png,assets/tilesets/train_station/station/station_ts_platform_objects_mixed_32x32_1674.png,semantic_proposal
assets/tilesets/train_station/station/station_ts_gk_ts_345_32x32_1675.png,assets/tilesets/train_station/station/station_ts_platform_objects_mixed_32x32_1675.png,semantic_proposal
assets/tilesets/train_station/station/station_ts_gk_ts_346_32x32_1676.png,assets/tilesets/train_station/station/station_ts_platform_objects_mixed_32x32_1676.png,semantic_proposal
assets/tilesets/train_station/station/station_ts_gk_ts_347_32x32_1677.png,assets/tilesets/train_station/station/station_ts_platform_objects_mixed_32x32_1677.png,semantic_proposal
assets/tilesets/train_station/station/station_ts_gk_ts_348_32x32_1678.png,assets/tilesets/train_station/station/station_ts_platform_objects_mixed_32x32_1678.png,semantic_proposal
assets/tilesets/train_station/station/station_ts_gk_ts_349_32x32_1679.png,assets/tilesets/train_station/station/station_ts_signage_and_poles_32x32_1679.png,semantic_proposal
assets/tilesets/train_station/station/station_ts_gk_ts_350_32x32_1680.png,assets/tilesets/train_station/station/station_ts_platform_edge_mixed_32x32_1680.png,semantic_proposal
assets/tilesets/train_station/station/station_ts_gk_ts_351_32x32_1681.png,assets/tilesets/train_station/station/station_ts_signage_and_poles_32x32_1681.png,semantic_proposal
assets/tilesets/train_station/station/station_ts_gk_ts_352_32x32_1682.png,assets/tilesets/train_station/station/station_ts_platform_objects_mixed_32x32_1682.png,semantic_proposal
assets/tilesets/train_station/station/station_ts_gk_ts_353_32x32_1683.png,assets/tilesets/train_station/station/station_ts_platform_objects_mixed_32x32_1683.png,semantic_proposal
assets/tilesets/train_station/station/station_ts_gk_ts_354_32x32_1684.png,assets/tilesets/train_station/station/station_ts_platform_objects_mixed_32x32_1684.png,semantic_proposal
assets/tilesets/train_station/station/station_ts_gk_ts_355_32x32_1685.png,assets/tilesets/train_station/station/station_ts_terrain_grass_patches_32x32_1685.png,semantic_proposal
assets/tilesets/train_station/station/station_ts_gk_ts_356_32x32_1686.png,assets/tilesets/train_station/station/station_ts_terrain_grass_patches_32x32_1686.png,semantic_proposal
assets/tilesets/train_station/station/station_ts_gk_ts_357_32x32_1687.png,assets/tilesets/train_station/station/station_ts_terrain_grass_patches_32x32_1687.png,semantic_proposal
assets/tilesets/train_station/station/station_ts_gk_ts_358_32x32_1688.png,assets/tilesets/train_station/station/station_ts_terrain_grass_patches_32x32_1688.png,semantic_proposal
assets/tilesets/train_station/station/station_ts_gk_ts_359_32x32_1689.png,assets/tilesets/train_station/station/station_ts_platform_edge_mixed_32x32_1689.png,semantic_proposal
assets/tilesets/train_station/station/station_ts_gk_ts_360_32x32_1690.png,assets/tilesets/train_station/station/station_ts_platform_edge_mixed_32x32_1690.png,semantic_proposal
assets/tilesets/train_station/station/station_ts_gk_ts_361_32x32_1691.png,assets/tilesets/train_station/station/station_ts_blue_roof_tiles_32x32_1691.png,semantic_proposal
assets/tilesets/train_station/station/station_ts_gk_ts_362_32x32_1692.png,assets/tilesets/train_station/station/station_ts_blue_roof_tiles_32x32_1692.png,semantic_proposal
assets/tilesets/train_station/station/station_ts_gk_ts_363_32x32_1693.png,assets/tilesets/train_station/station/station_ts_platform_edge_mixed_32x32_1693.png,semantic_proposal
assets/tilesets/train_station/station/station_ts_gk_ts_364_32x32_1694.png,assets/tilesets/train_station/station/station_ts_blue_roof_tiles_32x32_1694.png,semantic_proposal
assets/tilesets/train_station/station/station_ts_gk_ts_365_32x32_1695.png,assets/tilesets/train_station/station/station_ts_blue_roof_tiles_32x32_1695.png,semantic_proposal
assets/tilesets/train_station/station/station_ts_gk_ts_366_32x32_1696.png,assets/tilesets/train_station/station/station_ts_shrubs_cluster_32x32_1696.png,semantic_proposal
assets/tilesets/train_station/station/station_ts_gk_ts_367_32x32_1697.png,assets/tilesets/train_station/station/station_ts_shrubs_cluster_32x32_1697.png,semantic_proposal
assets/tilesets/train_station/station/station_ts_gk_ts_368_32x32_1698.png,assets/tilesets/train_station/station/station_ts_shrubs_cluster_32x32_1698.png,semantic_proposal
assets/tilesets/train_station/station/station_ts_gk_ts_369_32x32_1699.png,assets/tilesets/train_station/station/station_ts_platform_edge_mixed_32x32_1699.png,semantic_proposal
assets/tilesets/train_station/station/station_ts_gk_ts_370_32x32_1700.png,assets/tilesets/train_station/station/station_ts_terrain_grass_patches_32x32_1700.png,semantic_proposal
assets/tilesets/train_station/station/station_ts_gk_ts_371_32x32_1701.png,assets/tilesets/train_station/station/station_ts_terrain_grass_patches_32x32_1701.png,semantic_proposal
assets/tilesets/train_station/station/station_ts_gk_ts_372_32x32_1702.png,assets/tilesets/train_station/station/station_ts_terrain_grass_patches_32x32_1702.png,semantic_proposal
assets/tilesets/train_station/station/station_ts_gk_ts_373_32x32_1703.png,assets/tilesets/train_station/station/station_ts_blue_roof_tiles_32x32_1703.png,semantic_proposal
assets/tilesets/train_station/station/station_ts_gk_ts_374_32x32_1704.png,assets/tilesets/train_station/station/station_ts_blue_roof_tiles_32x32_1704.png,semantic_proposal
assets/tilesets/train_station/station/station_ts_gk_ts_375_32x32_1705.png,assets/tilesets/train_station/station/station_ts_blue_roof_tiles_32x32_1705.png,semantic_proposal
assets/tilesets/train_station/station/station_ts_gk_ts_376_32x32_1706.png,assets/tilesets/train_station/station/station_ts_platform_edge_mixed_32x32_1706.png,semantic_proposal
assets/tilesets/train_station/station/station_ts_gk_ts_377_32x32_1707.png,assets/tilesets/train_station/station/station_ts_blue_roof_tiles_32x32_1707.png,semantic_proposal
assets/tilesets/train_station/station/station_ts_gk_ts_378_32x32_1708.png,assets/tilesets/train_station/station/station_ts_blue_roof_tiles_32x32_1708.png,semantic_proposal
assets/tilesets/train_station/station/station_ts_gk_ts_379_32x32_1709.png,assets/tilesets/train_station/station/station_ts_platform_edge_mixed_32x32_1709.png,semantic_proposal
assets/tilesets/train_station/station/station_ts_gk_ts_380_32x32_1710.png,assets/tilesets/train_station/station/station_ts_blue_roof_tiles_32x32_1710.png,semantic_proposal
assets/tilesets/train_station/station/station_ts_gk_ts_381_32x32_1711.png,assets/tilesets/train_station/station/station_ts_blue_roof_tiles_32x32_1711.png,semantic_proposal
assets/tilesets/train_station/station/station_ts_gk_ts_382_32x32_1712.png,assets/tilesets/train_station/station/station_ts_platform_edge_mixed_32x32_1712.png,semantic_proposal
assets/tilesets/train_station/station/station_ts_gk_ts_383_32x32_1713.png,assets/tilesets/train_station/station/station_ts_overhead_cables_32x32_1713.png,semantic_proposal
assets/tilesets/train_station/station/station_ts_gk_ts_384_32x32_1714.png,assets/tilesets/train_station/station/station_ts_blue_roof_tiles_32x32_1714.png,semantic_proposal
assets/tilesets/train_station/station/station_ts_gk_ts_385_32x32_1715.png,assets/tilesets/train_station/station/station_ts_blue_roof_tiles_32x32_1715.png,semantic_proposal
